"Datadate","Group_Id","KPI1_Data","KPI2_Data","KPI3_Data","KPI4_Data","KPI5_Data","Lvl1_Code","Lvl2_Code","Lvl3_Code"
"11/30/2025","1","4","0.01","0.00003","1","4","91","35","602"
"11/30/2025","1","0","0.06","0.00009","1","11","91","2","15"
"11/30/2025","1","1","0.1","0.000081","0","196","91","9","160"
"11/30/2025","1","0","0.102","0.000203","0","2","91","33","730"
"11/30/2025","1","0","0.21","0.000378","0","2","91","16","270"
"11/30/2025","1","22","0.421","0.003288","1","5","91","29","527"
"11/30/2025","1","51","0.5","0.001","1","3","91","18","283"
"11/30/2025","1","7","0.56","0.02492","1","5","91","29","535"
"11/30/2025","1","119","0.573","0.008284","1","7","91","28","517"
"11/30/2025","1","2","0.86","0.001604","1","2","91","24","444"
"11/30/2025","1","1121","0.95","0.012982","1","1","91","28","510"
"11/30/2025","1","50","1.28369","0.001186","1","11","91","28","519"
"11/30/2025","1","1","1.6","0.00392","0","259","91","9","156"
"11/30/2025","1","10","1.8889999999999998","0.005365","1","14","91","16","269"
"11/30/2025","1","23","2.322","0.022059","1","6","91","29","548"
"11/30/2025","1","1","2.49","0.011193","1","4","91","23","420"
"11/30/2025","1","168","2.5","0.005200000000000001","1","21","91","10","200"
"11/30/2025","1","3","3.5","0.0091","1","9","91","23","390"
"11/30/2025","1","5","4.1899999999999995","0.009805","1","14","91","23","436"
"11/30/2025","1","11","4.415","0.022838999999999998","1","16","91","16","652"
"11/30/2025","1","6","4.71","0.027425","1","9","91","16","654"
"11/30/2025","1","13","4.845000000000001","0.029460999999999998","1","1","91","16","655"
"11/30/2025","1","22","5.001","0.01035","1","3","91","18","285"
"11/30/2025","1","1600","5.166499999999999","0.009744","1","746","91","8","88"
"11/30/2025","1","18","5.48","0.027062","1","8","91","16","271"
"11/30/2025","1","10","6.13","0.006588","0","10","91","33","587"
"11/30/2025","1","2300","7.237","0.103813","1","3","91","1","621"
"11/30/2025","1","17","7.32","0.035577","1","13","91","16","653"
"11/30/2025","1","22","9.16382","0.195314","0","2","91","33","577"
"11/30/2025","1","47","11.4","0.023256","1","2","91","18","297"
"11/30/2025","1","63","13.3","0.03429","1","91","91","10","224"
"11/30/2025","1","387","17.529999999999998","0.09645999999999999","1","82","91","10","208"
"11/30/2025","1","73","20.2","0.040607000000000004","2","124","91","23","429"
"11/30/2025","1","11","22.32515","0.623011","4","443","91","30","552"
"11/30/2025","1","541","23.034","0.079275","1","38","91","32","567"
"11/30/2025","1","6073","24.88301","0.087348","1","14","91","20","340"
"11/30/2025","1","138","29.125","0.07373800000000001","1","29","91","10","217"
"11/30/2025","1","9","29.29","0.11682200000000001","1","8","91","13","757"
"11/30/2025","1","257","37.2","0.114439","1","151","91","10","221"
"11/30/2025","1","4","43.05","0.237883","1","6","91","13","249"
"11/30/2025","1","288","43.779999999999994","0.10279100000000001","1","54","91","10","213"
"11/30/2025","1","8","48.440000000000005","0.654595","1","3","91","16","272"
"11/30/2025","1","6","49.49","0.278602","1","10","91","13","615"
"11/30/2025","1","7","57.65","0.24483","1","9","91","13","764"
"11/30/2025","1","382","62.55","0.189265","1","11","91","10","189"
"11/30/2025","1","352","67.089","0.16009700000000002","1","21","91","10","215"
"11/30/2025","1","37429","67.17","0.113486","1","52","91","20","337"
"11/30/2025","1","97","67.325","0.108312","2","9","91","24","669"
"11/30/2025","1","16","67.81","0.316573","2","19","91","13","613"
"11/30/2025","1","14","69.83","0.2158","1","12","91","13","247"
"11/30/2025","1","194","70","0.244056","1","27","91","10","214"
"11/30/2025","1","445","70.055","0.218555","1","11","91","10","191"
"11/30/2025","1","15","77.28999999999999","0.188388","1","11","91","13","614"
"11/30/2025","1","23","78.884","0.335518","2","229","91","23","639"
"11/30/2025","1","17","93.27000000000001","0.413744","2","17","91","13","248"
"11/30/2025","1","249","95.816","0.241289","3","459","91","23","412"
"11/30/2025","1","273","100.875","0.282148","1","95","91","10","218"
"11/30/2025","1","143","105.09","1.812428","1","32","91","10","195"
"11/30/2025","1","109","111.625","0.309193","1","11","91","10","209"
"11/30/2025","1","423","114.36500000000001","0.29795","1","6","91","10","196"
"11/30/2025","1","14","116.23","0.78741","1","10","91","13","245"
"11/30/2025","1","8297","118.3","0.199146","1","39","91","20","327"
"11/30/2025","1","120","118.5346186","1.003286","1","77","91","33","731"
"11/30/2025","1","1048","150.32885","0.598437","2","195","91","32","565"
"11/30/2025","1","9","153.68","0.59615","2","11","91","13","251"
"11/30/2025","1","12","155.78","0.525568","1","18","91","13","244"
"11/30/2025","1","30","162.34","0.888904","2","21","91","13","250"
"11/30/2025","1","9731","169.6485","0.500623","1","20","91","20","331"
"11/30/2025","1","31","175.21","0.716615","3","30","91","13","246"
"11/30/2025","1","20","191.27499999999998","0.16969800000000002","1","77","91","5","52"
"11/30/2025","1","522","199.75","0.543115","1","42","91","10","194"
"11/30/2025","1","5","224.55","0.52721","1","64","91","23","433"
"11/30/2025","1","11679","272.2","0.766271","1","28","91","20","342"
"11/30/2025","1","19","303.9498","1.219839","3","559","91","30","551"
"11/30/2025","1","318","308.45859","1.0182749999999998","1","116","91","32","561"
"11/30/2025","1","1312","315.51931","0.918711","2","99","91","32","555"
"11/30/2025","1","10435","322.949","0.566004","1","75","91","20","336"
"11/30/2025","1","16033","355.39","0.647053","1","199","91","20","322"
"11/30/2025","1","240","393.775","2.356617","1","20","91","10","201"
"11/30/2025","1","150","424.553","0.906357","3","24","91","24","452"
"11/30/2025","1","267","425.25","0.993506","1","202","91","10","188"
"11/30/2025","1","143","484.26","2.0904890000000003","1","59","91","10","212"
"11/30/2025","1","8","495.41706","2.496271","1","17","91","2","19"
"11/30/2025","1","156","521.549","1.458841","1","7","91","10","205"
"11/30/2025","1","4986","546.49","1.222807","1","97","91","20","326"
"11/30/2025","1","127","574.77","1.478525","1","92","91","22","383"
"11/30/2025","1","1518","690.0545","1.064813","1","453","91","8","99"
"11/30/2025","1","309","732.0250000000001","2.674833","1","42","91","10","193"
"11/30/2025","1","482","744.64175","5.471765","1","22","91","36","685"
"11/30/2025","1","9","781.7","1.6645619999999999","1","55","91","23","638"
"11/30/2025","1","646","851.181","0.761739","1","9","91","27","492"
"11/30/2025","1","1637","915.683","2.158894","1","399","91","19","317"
"11/30/2025","1","15902","925.9920000000001","1.618873","1","56","91","20","329"
"11/30/2025","1","12033","990.99","1.514849","2","389","91","20","343"
"11/30/2025","1","65","1078","2.942904","1","49","91","22","380"
"11/30/2025","1","130","1120.81879","6.779105","0","17","91","33","610"
"11/30/2025","1","122","1138.31","5.910528","1","22","91","1","12"
"11/30/2025","1","510","1214.0819999999999","6.872072","1","9","91","1","626"
"11/30/2025","1","8","1224.06","3.204357","1","130","91","23","395"
"11/30/2025","1","11521","1224.9025900000001","1.800833","1","98","91","20","607"
"11/30/2025","1","2","1288.05","3.026493","0","36","91","9","181"
"11/30/2025","1","16270","1315.86","2.6222719999999997","1","185","91","20","338"
"11/30/2025","1","3760","1431.10046","2.803737","1","294","91","19","303"
"11/30/2025","1","1317","1664.53","1.422946","1","83","91","3","608"
"11/30/2025","1","34","1679","3.842775","1","48","91","22","389"
"11/30/2025","1","16279","1826.175","3.833817","1","449","91","20","339"
"11/30/2025","1","1324","2060.0385","2.854689","2","585","91","8","103"
"11/30/2025","1","23263","2213.43086","5.487684","1","211","91","20","325"
"11/30/2025","1","4870","2264.335","6.0984","1","262","91","19","664"
"11/30/2025","1","17146","2482.82481","5.0480849999999995","1","103","91","20","328"
"11/30/2025","1","912","2628.706","7.789854","7","192","91","3","32"
"11/30/2025","1","15354","2651.3770999999997","5.476001","1","121","91","20","334"
"11/30/2025","1","1393","2693.7059999999997","12.303733000000001","2","23","91","24","674"
"11/30/2025","1","1194","2823.7886319","188.6908","2","204","91","33","581"
"11/30/2025","1","3052","3009.45325","12.224287","1","54","91","34","598"
"11/30/2025","1","713","3224.47678","4.3837980000000005","3","101","91","33","582"
"11/30/2025","1","1657","3682.60201","8.826359","3","29","91","2","24"
"11/30/2025","1","167","3719.91","5.6024270000000005","1","102","91","3","38"
"11/30/2025","1","679","3782.5496835","23.495579","1","30","91","33","729"
"11/30/2025","1","729","3786.07","5.770418","3","73","91","24","462"
"11/30/2025","1","9361","3872.2862318999996","23.349543","6","538","91","33","574"
"11/30/2025","1","5674","4338.7496","18.025982000000003","3","64","91","24","675"
"11/30/2025","1","5884","4407.501","7.660285","1","203","91","19","310"
"11/30/2025","1","3225","4441.85","8.838942","1","49","91","21","351"
"11/30/2025","1","1250","4519.5118600000005","7.768578","2","18","91","28","521"
"11/30/2025","1","4304","4605.582","9.860728","1","66","91","19","316"
"11/30/2025","1","71052","4813.571","5.569395","1","396","91","9","123"
"11/30/2025","1","2572","4890.527609999999","9.606498","6","127","91","24","450"
"11/30/2025","1","2076","4893.126","10.982024","2","38","91","2","17"
"11/30/2025","1","255","4989.80847","3.625818","1","180","91","33","575"
"11/30/2025","1","20158","5075.163","11.423263","1","66","91","21","356"
"11/30/2025","1","3239","5234.464430000001","25.662380000000002","1","77","91","1","1"
"11/30/2025","1","31","5385.86","13.979363000000001","1","61","91","23","722"
"11/30/2025","1","293","5409.13638","13.088260000000002","5","12","91","24","459"
"11/30/2025","1","1604","5436.929","17.275054","1","56","91","1","7"
"11/30/2025","1","2676","5602.29068","9.307869","2","93","91","23","392"
"11/30/2025","1","5232","5615.3330000000005","12.300483","1","637","91","19","306"
"11/30/2025","1","2603","5683.259","8.939155","1","48","91","21","368"
"11/30/2025","1","1663","6111.912","36.589973","1","42","91","1","2"
"11/30/2025","1","1911","6413.15","11.937555","1","260","91","9","146"
"11/30/2025","1","167","6565.34","13.443919000000001","1","47","91","22","381"
"11/30/2025","1","4988","6612.55235","30.387464","4","416","91","27","488"
"11/30/2025","1","6854","7080.55942","32.168026","6","275","91","33","571"
"11/30/2025","1","13503","7380.7155","15.449697","2","344","91","19","305"
"11/30/2025","1","104031","7393.1145","16.066249","1","2226","91","27","482"
"11/30/2025","1","6932","7599.6806","16.924182000000002","1","336","91","20","324"
"11/30/2025","1","8505","7645.742","15.008553000000001","2","246","91","19","319"
"11/30/2025","1","1765","7743.9800000000005","12.731753000000001","1","40","91","21","357"
"11/30/2025","1","643","7897.481755","13.905448","4","179","91","33","733"
"11/30/2025","1","240","7937.666880000001","7.791865","3","97","91","33","592"
"11/30/2025","1","3036","8624.843700000001","14.295553","1","96","91","19","311"
"11/30/2025","1","448","8722.345299999999","11.400886","1","155","91","33","594"
"11/30/2025","1","5173","9661.429","29.56235","1","53","91","1","14"
"11/30/2025","1","4346","10053.68476","58.823503","1","45","91","24","456"
"11/30/2025","1","5533","10229.365","106.6892","1","102","91","1","5"
"11/30/2025","1","21163","10478.48521","23.509922","4","401","91","33","597"
"11/30/2025","1","4751","10598.546063","18.851066","5","139","91","33","585"
"11/30/2025","1","1049","10613.365","15.867018999999999","2","129","91","9","152"
"11/30/2025","1","6488","10728.07","20.08325","1","1413","91","19","314"
"11/30/2025","1","34","10829.484999999999","25.069554999999998","1","93","91","22","650"
"11/30/2025","1","8218","11020.28922","53.994344999999996","2","332","91","33","580"
"11/30/2025","1","1173","11119.64","13.005163","2","184","91","9","126"
"11/30/2025","1","3967","11366.6149996","76.030733","4","60","91","33","590"
"11/30/2025","1","497","11398.939999999999","18.667184","1","107","91","22","386"
"11/30/2025","1","14973","11641.056","15.269016999999998","1","338","91","19","307"
"11/30/2025","1","10200","12155.51144","22.951151","1","473","91","19","312"
"11/30/2025","1","29009","12503.71544","22.846263999999998","1","114","91","20","332"
"11/30/2025","1","25621","12706.994999999999","12.646611","1","353","91","9","184"
"11/30/2025","1","4765","12765.24445","21.363277","1","179","91","24","454"
"11/30/2025","1","5914","12932.484999999999","31.922372000000003","1","49","91","21","349"
"11/30/2025","1","1450","13048.901","20.583533","1","106","91","2","16"
"11/30/2025","1","24","13247.327","26.901749","3","132","91","3","40"
"11/30/2025","1","7766","13328.437957","19.008065000000002","5","645","91","33","591"
"11/30/2025","1","254","13547.341999999999","27.777316","3","104","91","24","442"
"11/30/2025","1","2535","13593.917","29.510847","1","233","91","19","309"
"11/30/2025","1","18666","13623.412237499999","29.491024000000003","6","747","91","33","583"
"11/30/2025","1","7747","13798.601999999999","14.602381999999999","2","114","91","21","369"
"11/30/2025","1","2427","13992.59219","124.966428","1","139","91","1","622"
"11/30/2025","1","5444","15156.454","94.335714","2","30","91","24","668"
"11/30/2025","1","21","15223.01","29.145435000000003","1","55","91","22","385"
"11/30/2025","1","1099","16219.913","48.930971","1","254","91","22","374"
"11/30/2025","1","9537","16320.19904","38.536227999999994","3","176","91","21","352"
"11/30/2025","1","28364","17029.427","23.470754","1","389","91","9","121"
"11/30/2025","1","6461","17065.992","23.094578000000002","1","324","91","9","170"
"11/30/2025","1","4997","18105.3704","48.19931","6","122","91","24","641"
"11/30/2025","1","3173","18153.4055918","89.469853","10","438","91","33","584"
"11/30/2025","1","133","18699.085","21.359318000000002","2","76","91","9","127"
"11/30/2025","1","11050","19738.214","36.940857","1","97","91","9","640"
"11/30/2025","1","44961","19810.363","23.425612","1","434","91","9","135"
"11/30/2025","1","227","20263.760000000002","27.429665","1","204","91","9","132"
"11/30/2025","1","27372","20796.49","24.312315","3","449","91","9","164"
"11/30/2025","1","966","21808.860999999997","58.920609999999996","3","187","91","27","475"
"11/30/2025","1","14921","21830.564","33.207329","3","146","91","21","361"
"11/30/2025","1","8690","21909.548000000003","51.627074","3","73","91","2","26"
"11/30/2025","1","20186","22378.739500000003","56.572721","3","778","91","19","320"
"11/30/2025","1","3642","22452.6544","51.937584","5","227","91","24","440"
"11/30/2025","1","2131","22613.311859999998","38.389495999999994","1","265","91","22","378"
"11/30/2025","1","8299","23002.905","67.721687","4","60","91","24","446"
"11/30/2025","1","9696","23236.37425","126.01394300000001","6","159","91","33","586"
"11/30/2025","1","573","23323.1535","37.502883999999995","1","675","91","8","115"
"11/30/2025","1","3480","23775.9051","75.725565","4","171","91","2","22"
"11/30/2025","1","12989","23795.91962","53.428481","5","954","91","27","476"
"11/30/2025","1","599","24579.6645","70.344442","4","159","91","3","29"
"11/30/2025","1","1472","25165.5677","55.63752","4","103","91","24","453"
"11/30/2025","1","92","26714.3665","72.242724","1","45","91","9","136"
"11/30/2025","1","1380","26728.94445","167.395522","5","193","91","24","449"
"11/30/2025","1","6009","27552.178","170.98627399999998","1","301","91","1","13"
"11/30/2025","1","1468","27856.055","165.350315","2","143","91","1","8"
"11/30/2025","1","8951","28507.607","75.198789","2","929","91","21","372"
"11/30/2025","1","82","28750.3795","71.727474","5","299","91","3","609"
"11/30/2025","1","33036","29366.19198","108.098516","3","187","91","21","345"
"11/30/2025","1","111","29569.216","58.443019","3","101","91","3","35"
"11/30/2025","1","1129","29686.6644","118.016583","1","600","91","8","98"
"11/30/2025","1","33733","29924.18","215.123447","3","854","91","24","673"
"11/30/2025","1","10578","30426.156081999998","192.538741","1","182","91","34","600"
"11/30/2025","1","44670","30475.43236","128.34911599999998","9","1115","91","33","569"
"11/30/2025","1","34739","31426.410600000003","81.32426699999999","1","784","91","9","145"
"11/30/2025","1","5022","31915.98729","184.38467300000002","5","86","91","33","579"
"11/30/2025","1","10925","32351.053699999997","55.887231","3","286","91","21","371"
"11/30/2025","1","8950","32399.250999999997","67.677704","1","75","91","23","415"
"11/30/2025","1","19041","32549.287519999998","135.58356500000002","5","389","91","24","448"
"11/30/2025","1","713","33719.1651","58.204705000000004","3","222","91","6","70"
"11/30/2025","1","26216","34527.4913","176.638255","2","213","91","36","501"
"11/30/2025","1","6604","35280.36557","175.560711","2","644","91","1","11"
"11/30/2025","1","13502","35652.242999999995","103.273053","1","44","91","28","520"
"11/30/2025","1","102","35757.070999999996","75.213507","1","98","91","22","375"
"11/30/2025","1","7297","38266","100.669963","4","112","91","24","460"
"11/30/2025","1","30690","38591.06549","172.4515","1","792","91","23","419"
"11/30/2025","1","12329","38606.034","110.063409","1","329","91","21","367"
"11/30/2025","1","26372","38736.034100000004","54.4174","2","104","91","21","355"
"11/30/2025","1","64591","39618.765","78.636208","1","276","91","9","137"
"11/30/2025","1","65285","40263.685000000005","72.177088","1","544","91","9","130"
"11/30/2025","1","20799","40317.433005","249.14227499999998","2","637","91","27","493"
"11/30/2025","1","4695","41420.79","77.99655","1","384","91","9","168"
"11/30/2025","1","24004","41795.182049999996","196.32964","3","382","91","27","489"
"11/30/2025","1","3203","42020.139","42.88575","1","65","91","3","42"
"11/30/2025","1","8482","42138.735","61.548986","2","145","91","21","348"
"11/30/2025","1","9111","42748.76152","94.240605","2","78","91","36","522"
"11/30/2025","1","42824","42931.632","49.018751","1","382","91","9","174"
"11/30/2025","1","35063","42957.008","60.851265","1","187","91","9","175"
"11/30/2025","1","31833","43133.208999999995","72.197745","1","595","91","9","185"
"11/30/2025","1","22","43759.84852","174.484361","3","230","91","23","432"
"11/30/2025","1","22064","43892.1458","104.201628","4","177","91","23","424"
"11/30/2025","1","14088","46124.61866","221.992369","4","69","91","24","672"
"11/30/2025","1","7599","47970.350999999995","90.415298","1","89","91","9","158"
"11/30/2025","1","53078","48133.669","59.403125","1","850","91","9","187"
"11/30/2025","1","12956","48520.5976","113.112669","2","49","91","21","359"
"11/30/2025","1","436","48616.845","42.342995","1","34","91","3","662"
"11/30/2025","1","9397","50554.185","165.66783600000002","1","222","91","21","353"
"11/30/2025","1","4079","51789.170419999995","193.515183","4","852","91","8","104"
"11/30/2025","1","6205","51892.31466","114.553029","1","217","91","28","515"
"11/30/2025","1","10468","52002.485","75.868143","3","124","91","21","350"
"11/30/2025","1","8125","52196.58","85.804372","1","155","91","9","660"
"11/30/2025","1","30341","52516.581000000006","105.416701","2","838","91","9","163"
"11/30/2025","1","8472","54749.074","165.116155","6","135","91","2","18"
"11/30/2025","1","9925","54785.2515","103.489526","3","219","91","23","428"
"11/30/2025","1","8034","55173.32961","342.979241","1","525","91","1","625"
"11/30/2025","1","33470","55199.41121","172.367539","4","1143","91","27","494"
"11/30/2025","1","28242","56940.69486","219.189664","5","238","91","27","473"
"11/30/2025","1","19681","57230.4409","209.50151","3","367","91","23","393"
"11/30/2025","1","45639","58148.085665000006","339.809829","9","1872","91","33","634"
"11/30/2025","1","9887","58409.37536","101.994877","6","214","91","24","461"
"11/30/2025","1","20718","59444.486000000004","143.90522199999998","2","334","91","27","471"
"11/30/2025","1","66227","60474.95512","178.63469800000001","1","328","91","23","394"
"11/30/2025","1","44880","60739.62233","219.761248","3","815","91","27","474"
"11/30/2025","1","37490","61165.67","94.39589000000001","2","307","91","9","182"
"11/30/2025","1","36923","62022.36840000001","71.349365","1","974","91","9","162"
"11/30/2025","1","17956","62906.4007","183.825193","1","121","91","23","431"
"11/30/2025","1","20153","62979.405828","781.482537","7","666","91","33","570"
"11/30/2025","1","3065","63662.097","105.895186","2","162","91","9","144"
"11/30/2025","1","21294","66399.17652","128.393982","1","933","91","21","360"
"11/30/2025","1","8432","67117.7301","272.965058","5","1327","91","8","106"
"11/30/2025","1","56025","67812.39483","164.195865","1","788","91","9","172"
"11/30/2025","1","12414","68026.67300000001","255.465061","1","111","91","22","382"
"11/30/2025","1","2127","68186.89","87.381487","1","206","91","9","178"
"11/30/2025","1","218","69268.6397","182.66701","3","243","91","3","36"
"11/30/2025","1","49842","69439.50600000001","409.38710499999996","1","142","91","36","682"
"11/30/2025","1","36609","69970.220104","515.027957","14","1193","91","33","573"
"11/30/2025","1","4336","70148.01","135.071828","2","110","91","9","142"
"11/30/2025","1","5052","70653.909","116.17191299999999","1","178","91","22","646"
"11/30/2025","1","47972","70665.1934","68.366386","1","1174","91","9","140"
"11/30/2025","1","59209","70942.25743","171.418283","6","507","91","24","445"
"11/30/2025","1","19865","71287.67546","205.176324","5","230","91","27","490"
"11/30/2025","1","40810","71291.829","120.20299","2","253","91","9","186"
"11/30/2025","1","26897","71680.4498","161.68834399999997","1","214","91","23","401"
"11/30/2025","1","14524","73257.52217","35.922357","4","295","91","33","588"
"11/30/2025","1","41130","73490.0095","70.182389","1","1079","91","9","177"
"11/30/2025","1","52804","74153.59580000001","168.580609","1","598","91","9","138"
"11/30/2025","1","575","74885.99149999999","323.250797","4","292","91","6","69"
"11/30/2025","1","9977","75415.51519","212.95","2","77","91","3","605"
"11/30/2025","1","38694","76799.0006","190.464428","1","398","91","23","417"
"11/30/2025","1","5134","77330.36632","200.143566","6","1096","91","8","92"
"11/30/2025","1","3145","78131.2328","290.323044","5","226","91","23","398"
"11/30/2025","1","20666","78238.56212999999","219.669606","1","127","91","22","647"
"11/30/2025","1","189","80833.954","166.651467","1","251","91","9","154"
"11/30/2025","1","7495","81058.0021","471.71426","2","624","91","1","3"
"11/30/2025","1","84797","81961.49721999999","283.752394","3","783","91","23","416"
"11/30/2025","1","51024","83338.303","95.747952","2","678","91","9","659"
"11/30/2025","1","4400","83389.70300000001","175.52007600000002","2","66","91","3","30"
"11/30/2025","1","18834","83694.456099","82.41189","8","386","91","33","572"
"11/30/2025","1","57694","83754.22861","104.133433","3","749","91","9","141"
"11/30/2025","1","20948","84621.98","151.010799","2","605","91","9","147"
"11/30/2025","1","28197","85372.88336","744.1474479999999","3","559","91","27","477"
"11/30/2025","1","9279","85376.96671000001","155.31643100000002","2","447","91","21","362"
"11/30/2025","1","16865","85494.48965999999","546.382172","6","326","91","24","439"
"11/30/2025","1","54184","87833.386","90.667182","2","798","91","9","148"
"11/30/2025","1","32686","88842.17899459999","2123.1103009999997","8","716","91","33","593"
"11/30/2025","1","89229","88982.35650000001","67.73573400000001","1","800","91","9","171"
"11/30/2025","1","56993","91166.5289","575.840584","5","336","91","24","447"
"11/30/2025","1","16560","91320.6617","156.060118","1","223","91","21","364"
"11/30/2025","1","56977","94397.39","162.53750300000002","1","514","91","9","131"
"11/30/2025","1","32395","94508.01699999999","428.244822","4","344","91","27","485"
"11/30/2025","1","48233","94667.17","311.007129","1","366","91","9","161"
"11/30/2025","1","4420","97371.85505000001","362.431158","4","3073","91","8","90"
"11/30/2025","1","87797","101849.666","108.124539","1","941","91","9","120"
"11/30/2025","1","135631","102098.36935","455.393689","3","544","91","23","423"
"11/30/2025","1","11062","102411.63817","183.608633","1","88","91","36","689"
"11/30/2025","1","33322","105813.842806","904.628489","6","481","91","33","595"
"11/30/2025","1","14116","107658.18899000001","506.753021","4","709","91","2","25"
"11/30/2025","1","113295","108315.54216","464.89061300000003","1","130","91","9","165"
"11/30/2025","1","37905","108629.75855","325.190373","4","812","91","27","478"
"11/30/2025","1","36560","108909.24182","275.352911","3","226","91","36","692"
"11/30/2025","1","51242","110257.08483","497.98071400000003","1","328","91","24","676"
"11/30/2025","1","29555","110543.10800000001","135.731191","3","1482","91","21","347"
"11/30/2025","1","4193","111308.0632","194.418769","1","81","91","22","645"
"11/30/2025","1","62319","113203.397","236.231358","1","473","91","9","633"
"11/30/2025","1","7809","113526.587","316.124048","3","249","91","6","64"
"11/30/2025","1","69752","114092.512","167.671057","3","1036","91","9","129"
"11/30/2025","1","63502","114911.605","204.776632","2","361","91","9","122"
"11/30/2025","1","4751","114981.1606","577.502829","4","1971","91","8","96"
"11/30/2025","1","1474","118057.277","261.959521","1","841","91","8","112"
"11/30/2025","1","26490","119108.50432000001","210.022835","5","363","91","21","365"
"11/30/2025","1","56372","120694.945","172.795093","2","810","91","9","139"
"11/30/2025","1","18409","121166.351","163.91013700000002","3","1251","91","5","49"
"11/30/2025","1","21607","121241.38029999999","248.35420499999998","3","759","91","21","346"
"11/30/2025","1","34363","122150.49226","570.77159","7","778","91","2","23"
"11/30/2025","1","41416","123072.15699999999","268.398679","1","949","91","9","661"
"11/30/2025","1","55979","124544.4995","349.095419","4","420","91","6","619"
"11/30/2025","1","27854","124681.4485","442.406439","2","794","91","9","166"
"11/30/2025","1","70977","126100.921","140.17632","1","775","91","9","169"
"11/30/2025","1","24230","126391.82995","729.493026","1","90","91","28","504"
"11/30/2025","1","91168","126804.6202","163.75933700000002","2","1101","91","9","155"
"11/30/2025","1","51364","127524.25628999999","442.036293","6","281","91","2","20"
"11/30/2025","1","5992","129925.768209","39.068353","5","332","91","33","578"
"11/30/2025","1","99691","133165.9904","245.489826","3","783","91","9","134"
"11/30/2025","1","15935","133815.957","284.29424","3","265","91","21","354"
"11/30/2025","1","23133","134932.984","350.938159","2","398","91","9","128"
"11/30/2025","1","53099","137777.75073","233.255443","2","830","91","9","167"
"11/30/2025","1","49741","142146.92534000002","673.2731289999999","3","188","91","23","400"
"11/30/2025","1","8780","142977.40000000002","149.753244","1","144","91","3","33"
"11/30/2025","1","40757","145788.1152","244.247925","3","674","91","9","176"
"11/30/2025","1","1463","146741.51","301.475444","1","63","91","28","505"
"11/30/2025","1","21965","148062.55164000002","398.83117500000003","2","336","91","27","486"
"11/30/2025","1","18139","150366.412","640.919018","5","241","91","27","470"
"11/30/2025","1","17334","150541.2329","224.744154","2","1003","91","5","51"
"11/30/2025","1","45921","152615.6776","715.036276","1","368","91","36","680"
"11/30/2025","1","95557","156579.013","318.192093","2","704","91","9","157"
"11/30/2025","1","41980","157572.20244000002","498.390326","5","387","91","24","458"
"11/30/2025","1","27820","159270.77500000002","468.652042","4","253","91","21","358"
"11/30/2025","1","58003","161756.79123","581.745703","4","451","91","23","426"
"11/30/2025","1","9177","167632.44421","804.004497","3","215","91","27","498"
"11/30/2025","1","85506","167679.25519","381.807393","4","308","91","36","508"
"11/30/2025","1","56024","171596.85846999998","452.384058","1","618","91","23","413"
"11/30/2025","1","97907","173841.737","208.687426","3","799","91","9","173"
"11/30/2025","1","55488","175954.2142","912.8403169999999","4","441","91","24","455"
"11/30/2025","1","13037","178651.87618999998","398.412285","1","550","91","22","388"
"11/30/2025","1","16836","179678.633","216.12050000000002","4","135","91","21","344"
"11/30/2025","1","43034","180948.89192999998","308.86625000000004","4","653","91","9","143"
"11/30/2025","1","7841","185384.859","319.531531","6","304","91","3","41"
"11/30/2025","1","38253","188521.34272000002","624.193152","4","578","91","23","418"
"11/30/2025","1","41989","191426.38777","744.448187","1","115","91","8","108"
"11/30/2025","1","23918","192364.25261999998","745.364814","9","1961","91","27","496"
"11/30/2025","1","79564","199217.43828","741.8028320000001","2","307","91","23","430"
"11/30/2025","1","34914","200755.61187999998","664.877039","2","585","91","23","391"
"11/30/2025","1","34639","205748.80537000002","842.823852","4","188","91","23","422"
"11/30/2025","1","38667","207778.44978","492.721677","1","116","91","23","397"
"11/30/2025","1","24708","207949.16025000002","405.777083","6","614","91","6","76"
"11/30/2025","1","844","208060.375","726.612575","4","397","91","6","604"
"11/30/2025","1","26871","208205.685","590.459845","1","574","91","22","644"
"11/30/2025","1","33566","208393.39099999997","251.289886","3","422","91","9","118"
"11/30/2025","1","52459","209019.79426","1076.356892","2","111","91","36","698"
"11/30/2025","1","7205","210397.0822","332.207278","5","1174","91","5","50"
"11/30/2025","1","51166","210952.06598","1030.326554","7","493","91","27","500"
"11/30/2025","1","87186","213547.72783","828.5719449999999","2","718","91","9","153"
"11/30/2025","1","105422","219494.74381999997","687.705106","3","219","91","36","681"
"11/30/2025","1","18267","220568.93146","381.052094","2","692","91","22","387"
"11/30/2025","1","117036","220865.31466","909.610537","1","865","91","36","686"
"11/30/2025","1","91487","222128.47759","981.833334","9","1551","91","24","441"
"11/30/2025","1","29184","227683.82068","944.418443","5","225","91","3","28"
"11/30/2025","1","77278","228077.92161999998","1065.295073","3","138","91","36","693"
"11/30/2025","1","84438","232643.4065","797.068667","1","144","91","23","434"
"11/30/2025","1","11901","235094.3712","329.40781899999996","1","91","91","27","480"
"11/30/2025","1","58320","235422.37290000002","713.546781","4","165","91","36","691"
"11/30/2025","1","20253","236888.23080999998","608.020453","1","158","91","21","366"
"11/30/2025","1","28850","238535.741","627.603758","3","459","91","23","406"
"11/30/2025","1","131590","243059.32799999998","365.769716","3","2341","91","9","180"
"11/30/2025","1","7157","248474.35000000003","543.264136","3","196","91","21","373"
"11/30/2025","1","5489","249689.3025","289.81626","4","481","91","3","34"
"11/30/2025","1","9835","251801.23483","723.866368","7","404","91","3","43"
"11/30/2025","1","65869","259896.1091","999.447523","1","208","91","23","667"
"11/30/2025","1","25413","262081.66119999997","2341.688306","4","370","91","36","507"
"11/30/2025","1","9735","262721.501","704.6532609999999","5","598","91","6","60"
"11/30/2025","1","55426","266222.82206000003","891.1041540000001","5","320","91","23","421"
"11/30/2025","1","1524","267690.13506","1931.1909839999998","2","835","91","29","538"
"11/30/2025","1","55577","269832.45177","999.252412","3","911","91","9","151"
"11/30/2025","1","5597","271774.16153","1131.874432","2","297","91","27","479"
"11/30/2025","1","9891","271921.51900000003","1045.153125","3","1202","91","8","629"
"11/30/2025","1","55724","277365.72855","833.001375","3","133","91","36","518"
"11/30/2025","1","38415","279830.9747","523.900807","4","688","91","9","133"
"11/30/2025","1","52099","281873.39228","803.181139","3","402","91","28","523"
"11/30/2025","1","164452","281892.886","991.9057740000001","3","456","91","23","402"
"11/30/2025","1","91337","282683.41284","480.126637","4","968","91","9","150"
"11/30/2025","1","16688","283178.378","626.934657","2","396","91","21","363"
"11/30/2025","1","56792","289467.51318999997","1085.440295","5","3475","91","27","484"
"11/30/2025","1","208585","290792.26358","1109.314891","3","1923","91","23","435"
"11/30/2025","1","48011","294967.05918","1476.796132","6","301","91","3","37"
"11/30/2025","1","17300","301573.50892","1176.184957","1","290","91","36","695"
"11/30/2025","1","72687","305495.29475","1308.0485370000001","3","250","91","36","694"
"11/30/2025","1","43682","308706.32575","1731.416957","2","1572","91","21","370"
"11/30/2025","1","76447","312182.10581","1050.754164","3","221","91","9","149"
"11/30/2025","1","20936","312645.48632","1679.63951","2","141","91","3","651"
"11/30/2025","1","72283","313694.23737","1114.5313099999998","7","728","91","23","425"
"11/30/2025","1","65658","315844.3094","1056.897687","3","680","91","23","407"
"11/30/2025","1","19347","323314.17046000005","1633.8130259999998","6","289","91","27","499"
"11/30/2025","1","115759","338311.9295","1464.730765","4","368","91","27","467"
"11/30/2025","1","7386","341092.43256","512.712923","5","181","91","27","466"
"11/30/2025","1","20293","344336.05516","711.7760020000001","5","541","91","27","469"
"11/30/2025","1","55806","347732.60953","805.597702","4","941","91","23","399"
"11/30/2025","1","53682","355291.20528999995","1616.075568","3","1444","91","8","113"
"11/30/2025","1","98578","391442.63464","850.8061210000001","3","1132","91","9","119"
"11/30/2025","1","64593","401825.74353","1056.699951","8","446","91","23","414"
"11/30/2025","1","28469","405523.00068000006","730.384811","9","1438","91","24","443"
"11/30/2025","1","112207","407698.69041000004","1631.059222","6","343","91","27","472"
"11/30/2025","1","67101","411045.203","842.7036459999999","7","356","91","24","438"
"11/30/2025","1","82782","415911.47303","1532.3489559999998","7","600","91","23","403"
"11/30/2025","1","115005","425124.87238","2438.021115","2","406","91","36","509"
"11/30/2025","1","165953","429688.64519","1401.588051","4","857","91","23","411"
"11/30/2025","1","196166","430487.21011","2389.43693","8","969","91","24","457"
"11/30/2025","1","28633","432431.92000000004","2165.603868","1","339","91","6","701"
"11/30/2025","1","54088","433200.94299999997","842.856666","2","898","91","9","125"
"11/30/2025","1","93769","442993.38066","2214.970873","6","2199","91","8","111"
"11/30/2025","1","163367","443347.14482","1188.075371","2","955","91","23","396"
"11/30/2025","1","173612","451336.71729","2002.2309329999998","4","5105","91","23","410"
"11/30/2025","1","58727","467064.425","851.507786","2","495","91","9","183"
"11/30/2025","1","28536","468037.0515","1718.9411490000002","2","294","91","6","72"
"11/30/2025","1","39769","471212.14839","2294.57846","3","1028","91","27","481"
"11/30/2025","1","31509","478687.06551","832.347751","2","352","91","22","377"
"11/30/2025","1","12450","481207.66951000004","1505.664035","5","2026","91","8","95"
"11/30/2025","1","17322","520921.70258","1748.591865","6","202","91","3","31"
"11/30/2025","1","49372","529121.03493","896.389582","9","2769","91","5","56"
"11/30/2025","1","118878","535061.7929108","3330.6562329999997","12","1172","91","33","596"
"11/30/2025","1","14855","544570.59018","1113.526752","3","3890","91","8","117"
"11/30/2025","1","75364","550741.1869999999","2798.120171","6","616","91","24","451"
"11/30/2025","1","59246","576569.98424","1087.8884429999998","5","435","91","36","514"
"11/30/2025","1","176671","600996.09556","2032.8554519999998","3","813","91","23","427"
"11/30/2025","1","186387","624439.04524","1133.703971","14","2874","91","27","487"
"11/30/2025","1","6291","635458.0896000001","2632.556685","5","1031","91","8","105"
"11/30/2025","1","3578","649234.18575","1217.166764","4","633","91","6","62"
"11/30/2025","1","134188","668097.1790400001","1996.793015","2","236","91","23","405"
"11/30/2025","1","138223","677479.6322300001","2203.737188","2","241","91","36","688"
"11/30/2025","1","136819","695047.8483","2502.471772","5","448","91","23","409"
"11/30/2025","1","143656","738907.77675","1345.5839799999999","4","603","91","9","159"
"11/30/2025","1","103757","740696.7967899999","1345.7257530000002","6","803","91","6","58"
"11/30/2025","1","48189","760112.73349","3057.602989","7","1475","91","8","91"
"11/30/2025","1","17677","768017.3865","2106.674824","6","290","91","3","27"
"11/30/2025","1","126852","772895.9296200001","1863.038491","4","337","91","28","502"
"11/30/2025","1","133161","774324.7669899999","3780.77606","7","1561","91","27","468"
"11/30/2025","1","7109","818063.74341","1655.2084250000003","1","121","91","4","44"
"11/30/2025","1","324308","842908.70751","5145.955646","2","582","91","36","516"
"11/30/2025","1","92911","854139.01222","2718.219348","4","1904","91","8","94"
"11/30/2025","1","164505","902280.14884","3088.4728029999997","4","692","91","23","408"
"11/30/2025","1","71305","905699.1033999999","4019.027463","6","462","91","6","59"
"11/30/2025","1","9252","911200.034","3721.64117","6","3298","91","8","86"
"11/30/2025","1","70309","918295.20162","5087.928799","7","6988","91","8","107"
"11/30/2025","1","48213","1040513.24778","3214.025103","3","577","91","6","73"
"11/30/2025","1","103857","1061065.82745","3468.1794","3","1214","91","23","437"
"11/30/2025","1","219152","1085692.51456","3501.4884949999996","6","604","91","36","512"
"11/30/2025","1","45243","1090731.15757","3772.8878059999997","6","1580","91","8","97"
"11/30/2025","1","31417","1098282.835","4122.842235","3","456","91","3","39"
"11/30/2025","1","108799","1186371.25887","4796.427637000001","7","2633","91","8","89"
"11/30/2025","1","46829","1247055.93422","2668.475016","5","2065","91","8","114"
"11/30/2025","1","121694","1259273.28563","2403.877226","1","148","91","36","696"
"11/30/2025","1","165952","1271235.8127000001","10071.748049","6","2907","91","8","110"
"11/30/2025","1","149406","1396206.56994","6644.955635","6","1995","91","8","116"
"11/30/2025","1","12729","1408611.0215","6756.950946999999","10","2366","91","8","87"
"11/30/2025","1","108206","1410461.07288","4114.25248","3","595","91","6","75"
"11/30/2025","1","81130","1667204.61082","7466.677864","8","6677","91","8","93"
"11/30/2025","1","494928","1876956.5127400002","9850.498717999999","4","973","91","28","511"
"11/30/2025","1","30966","2155365.1812299998","10286.716918","9","3856","91","8","101"
"11/30/2025","1","133695","2245236.33","3422.452535","5","556","91","28","503"
"11/30/2025","1","166585","2293152.7742999997","6536.336085","5","658","91","6","71"
"11/30/2025","1","183492","2418982.16866","6333.101592000001","9","1785","91","6","67"
"11/30/2025","1","283826","2568537.36689","4858.125561","7","1965","91","6","68"
"11/30/2025","1","269811","2910310.95861","8735.976864","6","832","91","6","61"
"11/30/2025","1","152620","3563859.9359299997","17034.822088","15","8916","91","8","100"
"11/30/2025","1","326879","3828040.96395","11570.533627","7","1226","91","6","66"
"11/30/2025","1","11134","3903239.16046","11422.509785999999","9","12354","91","8","102"
"11/30/2025","1","598755","3999868.09178","44827.898567000004","8","1236","91","28","506"
"11/30/2025","1","232594","4230800.50643","18175.007255","7","1509","91","6","63"
"11/30/2025","1","260685","4640504.07189","17387.478655","5","4155","91","8","109"
"11/30/2025","1","406994","5667869.084849999","22028.826657999998","6","1642","91","6","74"
"11/30/2025","1","364471","6086294.443399999","19719.756822","7","1802","91","6","65"
